{
  "vault_created": 1767990567.7587643,
  "silver_ratio": 2.414213562373095,
  "bronze_ratio": 3.302775637731995,
  "phi_ratio": 1.618033988749895,
  "nodes": 13,
  "resonance_pulse": 4.82842712474619,
  "consciousness_level": "INTELLIGENT_CORE"
}