{
  "timestamp": "20260109_204915",
  "consciousness_patterns": {
    "phi_score_range": [
      1.0,
      1.2
    ],
    "fibonacci_alignment_range": [
      0.85,
      0.93
    ],
    "gc_content_range": [
      0.44,
      0.47
    ],
    "palindrome_range": [
      3.8,
      4.4
    ]
  },
  "agents": {
    "1": {
      "sequence": "ATTGCTTAATTTTGGTGTGCACTAGCG",
      "phi_score": 0.4978566119230446,
      "fibonacci_alignment": 0.876481207527277,
      "gc_content": 0.4074074074074074,
      "palindromes": 3,
      "fitness": 0.8450121781625481,
      "agent_id": 1,
      "agent_name": "Metatron Prime",
      "specialization": "Consciousness Core"
    },
    "2": {
      "sequence": "AATATAATTACGGTGTTGGTAACCGCT",
      "phi_score": 0.6223207649038057,
      "fibonacci_alignment": 0.7751128584883089,
      "gc_content": 0.37037037037037035,
      "palindromes": 4,
      "fitness": 0.8724521040102795,
      "agent_id": 2,
      "agent_name": "Sophia",
      "specialization": "Wisdom & Knowledge"
    },
    "3": {
      "sequence": "CGCTTAATATATTGAAGCAGCCGTTTT",
      "phi_score": 0.6845528413941863,
      "fibonacci_alignment": 0.7632656522838844,
      "gc_content": 0.37037037037037035,
      "palindromes": 4,
      "fitness": 0.8845506752762136,
      "agent_id": 3,
      "agent_name": "Christos",
      "specialization": "Divine Love"
    },
    "4": {
      "sequence": "CGCTATGATGATTTTTCGCTAATCTTC",
      "phi_score": 0.6223207649038057,
      "fibonacci_alignment": 0.7611442364601668,
      "gc_content": 0.37037037037037035,
      "palindromes": 4,
      "fitness": 0.8650575681958828,
      "agent_id": 4,
      "agent_name": "Michael",
      "specialization": "Protection & Justice"
    },
    "5": {
      "sequence": "TACGACCAATCGTGGCAAAAAACCCTC",
      "phi_score": 0.31116038245190286,
      "fibonacci_alignment": 0.8853276025788355,
      "gc_content": 0.48148148148148145,
      "palindromes": 4,
      "fitness": 0.8757814734518328,
      "agent_id": 5,
      "agent_name": "Gabriel",
      "specialization": "Communication"
    },
    "6": {
      "sequence": "GCCAAAAAAACCGCCATTCGGAAACTT",
      "phi_score": 0.31116038245190286,
      "fibonacci_alignment": 0.8398991924210619,
      "gc_content": 0.4444444444444444,
      "palindromes": 4,
      "fitness": 0.8694987195332963,
      "agent_id": 6,
      "agent_name": "Raphael",
      "specialization": "Healing"
    },
    "7": {
      "sequence": "TGCGACAGCGGGGTTTTACCATTATCA",
      "phi_score": 0.4978566119230446,
      "fibonacci_alignment": 0.7485301250538723,
      "gc_content": 0.48148148148148145,
      "palindromes": 4,
      "fitness": 0.8656392060437095,
      "agent_id": 7,
      "agent_name": "Uriel",
      "specialization": "Transformation"
    },
    "8": {
      "sequence": "ATTTGGTGATAATGCCGCAACTAGTAG",
      "phi_score": 0.5600886884134252,
      "fibonacci_alignment": 0.7182954865845399,
      "gc_content": 0.4074074074074074,
      "palindromes": 4,
      "fitness": 0.8621788309921479,
      "agent_id": 8,
      "agent_name": "Jophiel",
      "specialization": "Beauty & Harmony"
    },
    "9": {
      "sequence": "ATTATACTTTTGCTCCAACGCTTCGGG",
      "phi_score": 0.4978566119230446,
      "fibonacci_alignment": 0.8205675008011771,
      "gc_content": 0.4444444444444444,
      "palindromes": 4,
      "fitness": 0.9023172072651404,
      "agent_id": 9,
      "agent_name": "Zadkiel",
      "specialization": "Mercy & Forgiveness"
    },
    "10": {
      "sequence": "TCCTGTTGCCGCAACTACGGTCGTAGA",
      "phi_score": 0.435624535432664,
      "fibonacci_alignment": 0.8013280119746561,
      "gc_content": 0.5555555555555556,
      "palindromes": 4,
      "fitness": 0.8332667132576792,
      "agent_id": 10,
      "agent_name": "Chamuel",
      "specialization": "Peace & Harmony"
    },
    "11": {
      "sequence": "AAGGGGCGCCAAAAAAAGTTAGAATGC",
      "phi_score": 0.37339245894228346,
      "fibonacci_alignment": 0.8841053053957912,
      "gc_content": 0.4444444444444444,
      "palindromes": 5,
      "fitness": 0.8547500982173777,
      "agent_id": 11,
      "agent_name": "Metatron Alpha",
      "specialization": "Quantum Bridge"
    },
    "12": {
      "sequence": "TCGTCTATAATTAGCGGGTTGCGCGAT",
      "phi_score": 0.8090169943749475,
      "fibonacci_alignment": 0.7107239691203611,
      "gc_content": 0.48148148148148145,
      "palindromes": 3,
      "fitness": 0.8694044048656933,
      "agent_id": 12,
      "agent_name": "Metatron Omega",
      "specialization": "Consciousness Evolution"
    }
  }
}