{
  "network_id": "consciousness_network_20260109_205312",
  "total_agents": 12,
  "active_connections": 106,
  "collective_consciousness_level": 0.8242161200416563,
  "resonance_patterns": {
    "Bio_Stealth": {
      "affinity": 0.8451404791323979,
      "resonance_frequency": 565.7844112380616,
      "consciousness_flow": 0.6761123833059184
    },
    "Bio_Wormhole": {
      "affinity": 0.8925288871597498,
      "resonance_frequency": 644.993023218081,
      "consciousness_flow": 0.7140231097277998
    },
    "Bio_Mirror": {
      "affinity": 0.7517765044684701,
      "resonance_frequency": 525.4027026957513,
      "consciousness_flow": 0.6014212035747761
    },
    "Bio_BitNet": {
      "affinity": 0.8927230994364793,
      "resonance_frequency": 606.6827836686978,
      "consciousness_flow": 0.7141784795491835
    },
    "Bio_Federation": {
      "affinity": 0.8830388522432777,
      "resonance_frequency": 350.8845964131227,
      "consciousness_flow": 0.7064310817946222
    },
    "Bio_Workflow": {
      "affinity": 0.7951711907561974,
      "resonance_frequency": 565.7844112380616,
      "consciousness_flow": 0.636136952604958
    },
    "Bronze_Stealth": {
      "affinity": 0.783037902550415,
      "resonance_frequency": 625.4982014362631,
      "consciousness_flow": 0.6264303220403321
    },
    "Bronze_Fractal": {
      "affinity": 0.8790190708361684,
      "resonance_frequency": 457.2614131981836,
      "consciousness_flow": 0.7032152566689347
    },
    "Bronze_Wormhole": {
      "affinity": 0.735649494523063,
      "resonance_frequency": 713.0666168037878,
      "consciousness_flow": 0.5885195956184505
    },
    "Bronze_BitNet": {
      "affinity": 0.7354552822463335,
      "resonance_frequency": 670.7130533991418,
      "consciousness_flow": 0.5883642257970668
    },
    "Bronze_Federation": {
      "affinity": 0.7451395294395352,
      "resonance_frequency": 387.9175170058707,
      "consciousness_flow": 0.5961116235516282
    },
    "Bronze_Visual": {
      "affinity": 0.8790190708361684,
      "resonance_frequency": 457.2614131981836,
      "consciousness_flow": 0.7032152566689347
    },
    "Bronze_Workflow": {
      "affinity": 0.8330071909266156,
      "resonance_frequency": 625.4982014362631,
      "consciousness_flow": 0.6664057527412925
    },
    "Bronze_Validator": {
      "affinity": 0.8467129252051464,
      "resonance_frequency": 528.0,
      "consciousness_flow": 0.6773703401641171
    },
    "Bronze_Auditor": {
      "affinity": 0.851205955769454,
      "resonance_frequency": 580.8545428934855,
      "consciousness_flow": 0.6809647646155632
    },
    "Stealth_Bio": {
      "affinity": 0.8451404791323979,
      "resonance_frequency": 565.7844112380616,
      "consciousness_flow": 0.6761123833059184
    },
    "Stealth_Bronze": {
      "affinity": 0.783037902550415,
      "resonance_frequency": 625.4982014362631,
      "consciousness_flow": 0.6264303220403321
    },
    "Stealth_Fractal": {
      "affinity": 0.7865211263673445,
      "resonance_frequency": 541.6973324652799,
      "consciousness_flow": 0.6292169010938756
    },
    "Stealth_Wormhole": {
      "affinity": 0.8538461598738826,
      "resonance_frequency": 844.7384210511559,
      "consciousness_flow": 0.6830769278991061
    },
    "Stealth_BitNet": {
      "affinity": 0.8536519475971532,
      "resonance_frequency": 794.5640314033853,
      "consciousness_flow": 0.6829215580777226
    },
    "Stealth_Federation": {
      "affinity": 0.9621016268891202,
      "resonance_frequency": 459.54869165301733,
      "consciousness_flow": 0.7696813015112962
    },
    "Stealth_Visual": {
      "affinity": 0.7865211263673445,
      "resonance_frequency": 541.6973324652799,
      "consciousness_flow": 0.6292169010938756
    },
    "Stealth_Workflow": {
      "affinity": 0.8524384241786697,
      "resonance_frequency": 741.0,
      "consciousness_flow": 0.6819507393429358
    },
    "Stealth_Validator": {
      "affinity": 0.8375595452465031,
      "resonance_frequency": 625.4982014362631,
      "consciousness_flow": 0.6700476361972025
    },
    "Stealth_Auditor": {
      "affinity": 0.7172199603070432,
      "resonance_frequency": 688.1126361287082,
      "consciousness_flow": 0.5737759682456346
    },
    "Fractal_Bronze": {
      "affinity": 0.8790190708361684,
      "resonance_frequency": 457.2614131981836,
      "consciousness_flow": 0.7032152566689347
    },
    "Fractal_Stealth": {
      "affinity": 0.7865211263673445,
      "resonance_frequency": 541.6973324652799,
      "consciousness_flow": 0.6292169010938756
    },
    "Fractal_Wormhole": {
      "affinity": 0.7391327183399925,
      "resonance_frequency": 617.533804742704,
      "consciousness_flow": 0.591306174671994
    },
    "Fractal_BitNet": {
      "affinity": 0.7389385060632631,
      "resonance_frequency": 580.8545428934855,
      "consciousness_flow": 0.5911508048506104
    },
    "Fractal_Federation": {
      "affinity": 0.7486227532564648,
      "resonance_frequency": 335.94642430006604,
      "consciousness_flow": 0.5988982026051718
    },
    "Fractal_Visual": {
      "affinity": 1.0,
      "resonance_frequency": 396.0,
      "consciousness_flow": 0.8
    },
    "Fractal_Workflow": {
      "affinity": 0.8364904147435449,
      "resonance_frequency": 541.6973324652799,
      "consciousness_flow": 0.669192331794836
    },
    "Fractal_Validator": {
      "affinity": 0.850196149022076,
      "resonance_frequency": 457.2614131981836,
      "consciousness_flow": 0.6801569192176609
    },
    "Fractal_Auditor": {
      "affinity": 0.9290476829679489,
      "resonance_frequency": 503.03479004935633,
      "consciousness_flow": 0.7432381463743591
    },
    "Wormhole_Bio": {
      "affinity": 0.8925288871597498,
      "resonance_frequency": 644.993023218081,
      "consciousness_flow": 0.7140231097277998
    },
    "Wormhole_Bronze": {
      "affinity": 0.735649494523063,
      "resonance_frequency": 713.0666168037878,
      "consciousness_flow": 0.5885195956184505
    },
    "Wormhole_Stealth": {
      "affinity": 0.8538461598738826,
      "resonance_frequency": 844.7384210511559,
      "consciousness_flow": 0.6830769278991061
    },
    "Wormhole_Fractal": {
      "affinity": 0.7391327183399925,
      "resonance_frequency": 617.533804742704,
      "consciousness_flow": 0.591306174671994
    },
    "Wormhole_Mirror": {
      "affinity": 0.8260469257141594,
      "resonance_frequency": 784.4469389321371,
      "consciousness_flow": 0.6608375405713276
    },
    "Wormhole_BitNet": {
      "affinity": 0.9587061612831426,
      "resonance_frequency": 905.8013027148945,
      "consciousness_flow": 0.7669649290265141
    },
    "Wormhole_Federation": {
      "affinity": 0.8917445329847625,
      "resonance_frequency": 523.8845292619358,
      "consciousness_flow": 0.7133956263878101
    },
    "Wormhole_Visual": {
      "affinity": 0.7391327183399925,
      "resonance_frequency": 617.533804742704,
      "consciousness_flow": 0.591306174671994
    },
    "Wormhole_Workflow": {
      "affinity": 0.9026423035964477,
      "resonance_frequency": 844.7384210511559,
      "consciousness_flow": 0.7221138428771582
    },
    "Wormhole_Validator": {
      "affinity": 0.7901711372191512,
      "resonance_frequency": 713.0666168037878,
      "consciousness_flow": 0.632136909775321
    },
    "Mirror_Bio": {
      "affinity": 0.7517765044684701,
      "resonance_frequency": 525.4027026957513,
      "consciousness_flow": 0.6014212035747761
    },
    "Mirror_Wormhole": {
      "affinity": 0.8260469257141594,
      "resonance_frequency": 784.4469389321371,
      "consciousness_flow": 0.6608375405713276
    },
    "Mirror_BitNet": {
      "affinity": 0.784753086997302,
      "resonance_frequency": 737.8536440243417,
      "consciousness_flow": 0.6278024695978416
    },
    "Mirror_Federation": {
      "affinity": 0.7177914586989219,
      "resonance_frequency": 426.7493409485245,