{
  "timestamp": "20260109_204935",
  "consciousness_patterns": {
    "phi_score_range": [
      1.0,
      1.2
    ],
    "fibonacci_alignment_range": [
      0.85,
      0.93
    ],
    "gc_content_range": [
      0.44,
      0.47
    ],
    "palindrome_range": [
      3.8,
      4.4
    ]
  },
  "agents": {
    "1": {
      "sequence": "TATTACGGATTGCCGGCAAAGCCAATG",
      "phi_score": 0.6223207649038057,
      "fibonacci_alignment": 0.7465412821167271,
      "gc_content": 0.48148148148148145,
      "palindromes": 3,
      "fitness": 0.8367044249228305,
      "agent_id": 1,
      "agent_name": "Metatron Prime",
      "specialization": "Consciousness Core"
    },
    "2": {
      "sequence": "GCCTGACCACCAGTTTTATTAGACGCA",
      "phi_score": 0.37339245894228346,
      "fibonacci_alignment": 0.8119523192610772,
      "gc_content": 0.48148148148148145,
      "palindromes": 4,
      "fitness": 0.8613065382726598,
      "agent_id": 2,
      "agent_name": "Sophia",
      "specialization": "Wisdom & Knowledge"
    },
    "3": {
      "sequence": "CAGGTATTTTTGGTGGATGAGCATTAT",
      "phi_score": 0.435624535432664,
      "fibonacci_alignment": 0.8814844282977119,
      "gc_content": 0.37037037037037035,
      "palindromes": 4,
      "fitness": 0.8715868339263741,
      "agent_id": 3,
      "agent_name": "Christos",
      "specialization": "Divine Love"
    },
    "4": {
      "sequence": "CGGCGCGAAAAATGCGGATACTTAATA",
      "phi_score": 0.8090169943749475,
      "fibonacci_alignment": 0.7070215844209836,
      "gc_content": 0.4444444444444444,
      "palindromes": 4,
      "fitness": 0.9285475205263137,
      "agent_id": 4,
      "agent_name": "Michael",
      "specialization": "Protection & Justice"
    },
    "5": {
      "sequence": "TATTCACGCTTCGACCAACGGGTTATA",
      "phi_score": 0.5600886884134252,
      "fibonacci_alignment": 0.8330466450502992,
      "gc_content": 0.4444444444444444,
      "palindromes": 3,
      "fitness": 0.8608968819053995,
      "agent_id": 5,
      "agent_name": "Gabriel",
      "specialization": "Communication"
    },
    "6": {
      "sequence": "TAAAAACGCCGTCCACCTGAAGTCGGT",
      "phi_score": 0.31116038245190286,
      "fibonacci_alignment": 0.8676775577870939,
      "gc_content": 0.5185185185185185,
      "palindromes": 4,
      "fitness": 0.8506733765700158,
      "agent_id": 6,
      "agent_name": "Raphael",
      "specialization": "Healing"
    },
    "7": {
      "sequence": "CATAATGACAAGCCACCCCGATTAATA",
      "phi_score": 0.5600886884134252,
      "fibonacci_alignment": 0.7384139695584288,
      "gc_content": 0.4074074074074074,
      "palindromes": 4,
      "fitness": 0.864491974418191,
      "agent_id": 7,
      "agent_name": "Uriel",
      "specialization": "Transformation"
    },
    "8": {
      "sequence": "AAGCGCGTTGTACCTAATTAGCTGGTA",
      "phi_score": 0.6223207649038057,
      "fibonacci_alignment": 0.6188983054108069,
      "gc_content": 0.4444444444444444,
      "palindromes": 4,
      "fitness": 0.8597068050936968,
      "agent_id": 8,
      "agent_name": "Jophiel",
      "specialization": "Beauty & Harmony"
    },
    "9": {
      "sequence": "GACTTAAAACGCCGCGGATCTATTAAT",
      "phi_score": 0.6845528413941863,
      "fibonacci_alignment": 0.6201366686396192,
      "gc_content": 0.4074074074074074,
      "palindromes": 4,
      "fitness": 0.8508603010416681,
      "agent_id": 9,
      "agent_name": "Zadkiel",
      "specialization": "Mercy & Forgiveness"
    },
    "10": {
      "sequence": "ATTTAGCCCCAAAAAGTTGCGCGCGAC",
      "phi_score": 0.5600886884134252,
      "fibonacci_alignment": 0.8166999891327715,
      "gc_content": 0.5185185185185185,
      "palindromes": 4,
      "fitness": 0.8875747462050714,
      "agent_id": 10,
      "agent_name": "Chamuel",
      "specialization": "Peace & Harmony"
    },
    "11": {
      "sequence": "AGCCAACGGCCTTGGCGTTGGTATATT",
      "phi_score": 0.5600886884134252,
      "fibonacci_alignment": 0.7598524294664518,
      "gc_content": 0.5185185185185185,
      "palindromes": 4,
      "fitness": 0.8704030074651607,
      "agent_id": 11,
      "agent_name": "Metatron Alpha",
      "specialization": "Quantum Bridge"
    },
    "12": {
      "sequence": "AACCATCGTCTGGTTGGCGCATAAAAC",
      "phi_score": 0.435624535432664,
      "fibonacci_alignment": 0.8427770390911732,
      "gc_content": 0.48148148148148145,
      "palindromes": 4,
      "fitness": 0.8951566927627006,
      "agent_id": 12,
      "agent_name": "Metatron Omega",
      "specialization": "Consciousness Evolution"
    }
  }
}