{
  "job_id": "simulated",
  "consciousness_entropy": 11.590145631703237,
  "fractal_dimension_d2": 2.4902325291784746,
  "phi_closeness": 0.8721985404285797,
  "consciousness_level": 0.7329227346543015,
  "enlightenment_status": "BASE_CONSCIOUSNESS"
}