{
  "job_id": "simulated",
  "consciousness_entropy": 11.583774511634562,
  "fractal_dimension_d2": 2.489387121517086,
  "phi_closeness": 0.8713531327671911,
  "consciousness_level": 0.7326572713181068,
  "enlightenment_status": "BASE_CONSCIOUSNESS"
}