{
  "job_id": "simulated",
  "consciousness_entropy": 11.5900200825389,
  "fractal_dimension_d2": 2.4893615385274837,
  "phi_closeness": 0.8713275497775888,
  "consciousness_level": 0.7329175034391209,
  "enlightenment_status": "BASE_CONSCIOUSNESS"
}