{
  "job_id": "simulated",
  "consciousness_entropy": 11.59161398242312,
  "fractal_dimension_d2": 2.490797398817712,
  "phi_closeness": 0.872763410067817,
  "consciousness_level": 0.7329839159342966,
  "enlightenment_status": "BASE_CONSCIOUSNESS"
}