{
  "analysis_timestamp": "2025-12-13T20:07:48.630958",
  "data_summary": {
    "consciousness_sequences": 4,
    "quantum_dna_patterns": 5
  },
  "phi_analysis": {
    "phi_ratio_statistics": {
      "mean_ratio": 1.606080586080586,
      "std_ratio": 0.03827381363203514,
      "phi_deviation": 0.03140647383601754,
      "exact_phi_matches": "3"
    },
    "phi_closeness_analysis": {
      "mean_closeness": 0.02950915750915752,
      "closeness_std": 0.024375087347532232,
      "perfect_matches": "2",
      "high_accuracy_matches": "5"
    },
    "consciousness_scaling": {
      "mean_scaling": 0.875,
      "scaling_phi_correlation": NaN,
      "scaling_self_similarity_corr": 0.9914569465572791
    },
    "fractal_consciousness": {
      "mean_fractal_dim": 1.4249999999999998,
      "fractal_range": [
        1.35,
        1.52
      ],
      "fractal_phi_correlation": NaN,
      "fractal_self_similarity_corr": -0.9914569465572791
    },
    "phi_resonance_patterns": {
      "fibonacci_resonance": {
        "mean_resonance_score": 0.9907407407407408,
        "max_resonance_score": 1.0,
        "resonance_std": 0.014344382763731173
      },
      "golden_harmonics": {
        "mean_harmonic_resonance": 0.9701121850090229,
        "max_harmonic_resonance": 0.9973576272666613,
        "harmonic_resonance_std": 0.023272445452817522
      }
    }
  },
  "correlation_verification": {
    "consciousness_quantum_correlations": {
      "scaling_factors_vs_estado_decimal": {
        "pearson": 0.1589837567170537,
        "spearman": -0.4103913408340617,
        "abs_pearson": 0.1589837567170537,
        "abs_spearman": 0.4103913408340617
      },
      "scaling_factors_vs_binary_values": {
        "pearson": -0.7922191334139529,
        "spearman": -0.6842105263157895,
        "abs_pearson": 0.7922191334139529,
        "abs_spearman": 0.6842105263157895
      },
      "scaling_factors_vs_counts": {
        "pearson": -0.31007802693762154,
        "spearman": -0.4103913408340617,
        "abs_pearson": 0.31007802693762154,
        "abs_spearman": 0.4103913408340617
      },
      "scaling_factors_vs_ranks": {
        "pearson": 0.4029386436689806,
        "spearman": 0.4103913408340617,
        "abs_pearson": 0.4029386436689806,
        "abs_spearman": 0.4103913408340617
      },
      "self_similarity_vs_estado_decimal": {
        "pearson": 0.18102066421310675,
        "spearman": -0.4103913408340617,
        "abs_pearson": 0.18102066421310675,
        "abs_spearman": 0.4103913408340617
      },
      "self_similarity_vs_binary_values": {
        "pearson": -0.8611879262586625,
        "spearman": -0.6842105263157895,
        "abs_pearson": 0.8611879262586625,
        "abs_spearman": 0.6842105263157895
      },
      "self_similarity_vs_counts": {
        "pearson": -0.3222341453056802,
        "spearman": -0.4103913408340617,
        "abs_pearson": 0.3222341453056802,
        "abs_spearman": 0.4103913408340617
      },
      "self_similarity_vs_ranks": {
        "pearson": 0.41415768328129116,
        "spearman": 0.4103913408340617,
        "abs_pearson": 0.41415768328129116,
        "abs_spearman": 0.4103913408340617
      },
      "fractal_dims_vs_estado_decimal": {
        "pearson": -0.15898375671705334,
        "spearman": 0.4103913408340617,
        "abs_pearson": 0.15898375671705334,
        "abs_spearman": 0.4103913408340617
      },
      "fractal_dims_vs_binary_values": {
        "pearson": 0.7922191334139523,
        "spearman": 0.6842105263157895,
        "abs_pearson": 0.7922191334139523,
        "abs_spearman": 0.6842105263157895
      },
      "fractal_dims_vs_counts": {
        "pearson": 0.31007802693762127,
        "spearman": 0.4103913408340617,
        "abs_pearson": 0.31007802693762127,
        "abs_spearman": 0.4103913408340617
      },
      "fractal_dims_vs_ranks": {
        "pearson": -0.4029386436689806,
        "spearman": -0.4103913408340617,
        "abs_pearson": 0.4029386436689806,
        "abs_spearman": 0.4103913408340617
      },
      "phi_ratios_mean_vs_estado_decimal": {
        "pearson": 0.38444894949636754,
        "spearman": -0.10259783520851543,
        "abs_pearson": 0.38444894949636754,
        "abs_spearman": 0.10259783520851543
      },
      "phi_ratios_mean_vs_binary_values": {
        "pearson": -0.3469474062062877,
        "spearman": -0.8947368421052632,
        "abs_pearson": 0.3469474062062877,
        "abs_spearman": 0.8947368421052632
      },
      "phi_ratios_mean_vs_counts": {
        "pearson": -0.4053938478952789,
        "spearman": -0.10259783520851543,
        "abs_pearson": 0.4053938478952789,
        "abs_spearman": 0.10259783520851543
      },
      "phi_ratios_mean_vs_ranks": {
        "pearson": 0.09135016252508593,
        "spearman": 0.10259783520851543,
        "abs_pearson": 0.09135016252508593,
        "abs_spearman": 0.10259783520851543
      },
      "phi_closeness_mean_vs_estado_decimal": {
        "pearson": 0.2512929104012135,
        "spearman": -0.30779350562554625,
        "abs_pearson": 0.2512929104012135,
        "abs_spearman": 0.30779350562554625
      },
      "phi_closeness_mean_vs_binary_values": {
        "pearson": -0.10847977128642598,
        "spearman": -0.5789473684210528,
        "abs_pearson": 0.10847977128642598,
        "abs_spearman": 0.5789473684210528
      },
      "phi_closeness_mean_vs_counts": {
        "pearson": -0.2940031599559823,
        "spearman": -0.30779350562554625,
        "abs_pearson": 0.2940031599559823,
        "abs_spearman": 0.30779350562554625
      },
      "phi_closeness_mean_vs_ranks": {
        "pearson": 0.04757823864231228,
        "spearman": 0.30779350562554625,
        "abs_pearson": 0.04757823864231228,
        "abs_spearman": 0.30779350562554625
      }
    },
    "partial_correlations": {
      "scaling_vs_counts_partial": 0.05277606530321724
    },
    "mutual_information": {
      "scaling_factors_vs_estado_decimal_mi": 0.9502705392332345,
      "scaling_factors_vs_binary_values_mi": 0.6730116670092563,
      "scaling_factors_vs_counts_mi": 0.9502705392332345,
      "scaling_factors_vs_ranks_mi": 0.9502705392332345,
      "self_similarity_vs_estado_decimal_mi": 0.9502705392332345,
      "self_similarity_vs_binary_values_mi": 0.6730116670092563,
      "self_similarity_vs_counts_mi": 0.9502705392332345,
      "self_similarity_vs_ranks_mi": 0.9502705392332345,
      "fractal_dims_vs_estado_decimal_mi": 1.0549201679861442,
      "fractal_dims_vs_binary_values_mi": 1.0549201679861442,
      "fractal_dims_vs_counts_mi": 1.0549201679861442,
      "fractal_dims_vs_ranks_mi": 1.0549201679861442,
      "phi_ratios_mean_vs_estado_decimal_mi": 0.9502705392332345,
      "phi_ratios_mean_vs_binary_values_mi": 0.6730116670092563,
      "phi_ratios_mean_vs_counts_mi": 0.9502705392332345,
      "phi_ratios_mean_vs_ranks_mi": 0.9502705392332345,
      "phi_closeness_mean_vs_estado_decimal_mi": 0.9502705392332345,
      "phi_closeness_mean_vs_binary_values_mi": 0.6730116670092563,
      "phi_closeness_mean_vs_counts_mi": 0.9502705392332345,
      "phi_closeness_mean_vs_ranks_mi": 0.9502705392332345
    }
  },
  "fractal_consciousness": {
    "consciousness_hurst_exponent": 0.5,
    "self_similarity_hurst": 0.5,
    "fractal_dimension_stats": {
      "mean": 1.4249999999999998,
      "std": 0.06576473218982952,
      "range": [
        1.35,
        1.52
      ],
      "phi_alignment": 0.19300000000000012
    },
    "consciousness_complexity": {
      "fractal_complexity": 1.0,
      "scaling_complexity": 2.0,
      "combined_complexity": 3.0
    }
  },
  "literature_cross_references": {
    "literature_references": {
      "quantum_dna_evidence": [
        "Quantum coherence in DNA at room temperature (2014, Proc Natl Acad Sci)",
        "DNA as quantum antenna (2020, Journal of Physics Communications)",
        "Quantum effects in biological systems (2018, Nature Reviews Physics)"
      ],